<?xml version="1.0" encoding="UTF-8"?>
<project-private xmlns="http://www.netbeans.org/ns/project-private/1">
    <editor-bookmarks xmlns="http://www.netbeans.org/ns/editor-bookmarks/2" lastBookmarkId="0"/>
    <open-files xmlns="http://www.netbeans.org/ns/projectui-open-files/2">
        <group>
            <file>file:/C:/xampp/htdocs/wp2_001/protected/views/footer.php</file>
            <file>file:/C:/xampp/htdocs/wp2_001/protected/views/header.php</file>
            <file>file:/C:/xampp/htdocs/wp2_001/protected/content.php</file>
            <file>file:/C:/xampp/htdocs/wp2_001/protected/config/config.php</file>
            <file>file:/C:/xampp/htdocs/wp2_001/start.php</file>
            <file>file:/C:/xampp/htdocs/wp2_001/public/css/style.css</file>
            <file>file:/C:/xampp/htdocs/wp2_001/protected/menu.php</file>
            <file>file:/C:/xampp/htdocs/wp2_001/protected/.htaccess</file>
            <file>file:/C:/xampp/htdocs/wp2_001/.htaccess</file>
        </group>
    </open-files>
</project-private>
