{
  "users": [
    {
      "id": 1,
      "name": "Brew Irvin",
      "emailAddress": "birvin0@vkontakte.ru",
      "address": "1242 David Pass",
      "active": false
    },
    {
      "id": 2,
      "name": "Germaine Cadd",
      "emailAddress": "gcadd1@google.ru",
      "address": "66640 Lukken Center",
      "active": false
    },
    {
      "id": 3,
      "name": "Shelli Tremayle",
      "emailAddress": "stremayle2@imgur.com",
      "address": "38 Dahle Park",
      "active": false
    },
    {
      "id": 4,
      "name": "Milicent Antonacci",
      "emailAddress": "mantonacci3@upenn.edu",
      "address": "63276 Westridge Alley",
      "active": true
    },
    {
      "id": 5,
      "name": "Rhody Bruniges",
      "emailAddress": "rbruniges4@studiopress.com",
      "address": "0244 Arizona Street",
      "active": false
    },
    {
      "id": 6,
      "name": "Indira Christou",
      "emailAddress": "ichristou5@prnewswire.com",
      "address": "9841 Bluejay Plaza",
      "active": false
    },
    {
      "id": 7,
      "name": "Oralie Ovitz",
      "emailAddress": "oovitz6@privacy.gov.au",
      "address": "2755 Moulton Crossing",
      "active": true
    },
    {
      "id": 8,
      "name": "Mendel Lampett",
      "emailAddress": "mlampett7@auda.org.au",
      "address": "3 Montana Junction",
      "active": true
    },
    {
      "id": 9,
      "name": "Stormy Verry",
      "emailAddress": "sverry8@salon.com",
      "address": "46127 Northwestern Parkway",
      "active": false
    },
    {
      "id": 10,
      "name": "Dani Gewer",
      "emailAddress": "dgewer9@weibo.com",
      "address": "7 Cottonwood Court",
      "active": false
    },
    {
      "id": 11,
      "name": "Ariel Haney",
      "emailAddress": "ahaneya@wiley.com",
      "address": "15358 Lukken Trail",
      "active": true
    },
    {
      "id": 12,
      "name": "Aylmer Mallon",
      "emailAddress": "amallonb@ifeng.com",
      "address": "89079 Mcguire Alley",
      "active": false
    },
    {
      "id": 13,
      "name": "Delly Dixsee",
      "emailAddress": "ddixseec@slate.com",
      "address": "1 Pierstorff Court",
      "active": false
    },
    {
      "id": 14,
      "name": "Jule Borghese",
      "emailAddress": "jborghesed@ucla.edu",
      "address": "4327 Norway Maple Alley",
      "active": false
    },
    {
      "id": 15,
      "name": "Kinna Jannequin",
      "emailAddress": "kjannequine@java.com",
      "address": "24 Gerald Crossing",
      "active": false
    },
    {
      "id": 16,
      "name": "Alix Dwelly",
      "emailAddress": "adwellyf@marketwatch.com",
      "address": "1246 Delladonna Place",
      "active": false
    },
    {
      "id": 17,
      "name": "Lizzie Boase",
      "emailAddress": "lboaseg@youtu.be",
      "address": "091 Burning Wood Alley",
      "active": true
    },
    {
      "id": 18,
      "name": "Howie Beard",
      "emailAddress": "hbeardh@mail.ru",
      "address": "58 Ludington Drive",
      "active": false
    },
    {
      "id": 19,
      "name": "Sibby Ackers",
      "emailAddress": "sackersi@vinaora.com",
      "address": "79 New Castle Trail",
      "active": false
    },
    {
      "id": 20,
      "name": "Phillip Bayless",
      "emailAddress": "pbaylessj@skype.com",
      "address": "42520 Montana Lane",
      "active": false
    },
    {
      "id": 21,
      "name": "Rodrique Daniele",
      "emailAddress": "rdanielek@nba.com",
      "address": "16285 Corry Court",
      "active": true
    },
    {
      "id": 22,
      "name": "Cherianne Tomkys",
      "emailAddress": "ctomkysl@fema.gov",
      "address": "520 Thackeray Way",
      "active": false
    },
    {
      "id": 23,
      "name": "Frances Verlinde",
      "emailAddress": "fverlindem@nba.com",
      "address": "00 Crescent Oaks Parkway",
      "active": false
    },
    {
      "id": 24,
      "name": "Em Jahnisch",
      "emailAddress": "ejahnischn@mozilla.com",
      "address": "01938 Logan Street",
      "active": true
    },
    {
      "id": 25,
      "name": "Kipp Tingey",
      "emailAddress": "ktingeyo@livejournal.com",
      "address": "6917 Hovde Hill",
      "active": false
    },
    {
      "id": 26,
      "name": "Marcelia Blazek",
      "emailAddress": "mblazekp@google.co.uk",
      "address": "1513 Vahlen Terrace",
      "active": true
    },
    {
      "id": 27,
      "name": "Jase Scorer",
      "emailAddress": "jscorerq@state.tx.us",
      "address": "282 Green Avenue",
      "active": false
    },
    {
      "id": 28,
      "name": "Celestyna Danniell",
      "emailAddress": "cdanniellr@ustream.tv",
      "address": "12212 Anzinger Crossing",
      "active": false
    },
    {
      "id": 29,
      "name": "Sheelagh Monday",
      "emailAddress": "smondays@quantcast.com",
      "address": "5578 Sloan Street",
      "active": false
    },
    {
      "id": 30,
      "name": "Raff Clapham",
      "emailAddress": "rclaphamt@fastcompany.com",
      "address": "5 Johnson Pass",
      "active": false
    },
    {
      "id": 31,
      "name": "Dalston Ravenhills",
      "emailAddress": "dravenhillsu@weather.com",
      "address": "0660 Vernon Trail",
      "active": false
    },
    {
      "id": 32,
      "name": "Jolyn Dorkins",
      "emailAddress": "jdorkinsv@arizona.edu",
      "address": "7 Straubel Street",
      "active": false
    },
    {
      "id": 33,
      "name": "Bale Ipplett",
      "emailAddress": "bipplettw@youtube.com",
      "address": "98511 Crowley Lane",
      "active": true
    },
    {
      "id": 34,
      "name": "Jamie Berryann",
      "emailAddress": "jberryannx@google.com.br",
      "address": "37 Mendota Way",
      "active": true
    },
    {
      "id": 35,
      "name": "Gertruda Constable",
      "emailAddress": "gconstabley@canalblog.com",
      "address": "9307 Killdeer Crossing",
      "active": true
    },
    {
      "id": 36,
      "name": "Pail Bartczak",
      "emailAddress": "pbartczakz@ocn.ne.jp",
      "address": "67734 Utah Crossing",
      "active": false
    },
    {
      "id": 37,
      "name": "Armstrong Strut",
      "emailAddress": "astrut10@usatoday.com",
      "address": "50586 Division Circle",
      "active": false
    },
    {
      "id": 38,
      "name": "Dall Leinthall",
      "emailAddress": "dleinthall11@wsj.com",
      "address": "0 Mariners Cove Place",
      "active": false
    },
    {
      "id": 39,
      "name": "Sonny Benedyktowicz",
      "emailAddress": "sbenedyktowicz12@about.com",
      "address": "72361 Donald Street",
      "active": false
    },
    {
      "id": 40,
      "name": "Jorgan Buckel",
      "emailAddress": "jbuckel13@prnewswire.com",
      "address": "7331 North Junction",
      "active": true
    },
    {
      "id": 41,
      "name": "Catlee Beeden",
      "emailAddress": "cbeeden14@multiply.com",
      "address": "16933 Village Green Circle",
      "active": false
    },
    {
      "id": 42,
      "name": "Ramonda Francescuzzi",
      "emailAddress": "rfrancescuzzi15@odnoklassniki.ru",
      "address": "07729 Artisan Center",
      "active": false
    },
    {
      "id": 43,
      "name": "Vin Prettyman",
      "emailAddress": "vprettyman16@nhs.uk",
      "address": "5825 Logan Center",
      "active": true
    },
    {
      "id": 44,
      "name": "Charissa Nolan",
      "emailAddress": "cnolan17@nymag.com",
      "address": "9 Johnson Parkway",
      "active": false
    },
    {
      "id": 45,
      "name": "Klarika Hollibone",
      "emailAddress": "khollibone18@ucsd.edu",
      "address": "5 Namekagon Trail",
      "active": false
    },
    {
      "id": 46,
      "name": "Harold Seely",
      "emailAddress": "hseely19@nyu.edu",
      "address": "77730 Lillian Parkway",
      "active": true
    },
    {
      "id": 47,
      "name": "Adaline Villa",
      "emailAddress": "avilla1a@newsvine.com",
      "address": "6 Glacier Hill Drive",
      "active": false
    },
    {
      "id": 48,
      "name": "Vaclav Hayter",
      "emailAddress": "vhayter1b@gmpg.org",
      "address": "2087 Vidon Trail",
      "active": false
    },
    {
      "id": 49,
      "name": "Wilfrid Goshawke",
      "emailAddress": "wgoshawke1c@usnews.com",
      "address": "697 Monica Place",
      "active": true
    },
    {
      "id": 50,
      "name": "Rafferty Bluschke",
      "emailAddress": "rbluschke1d@europa.eu",
      "address": "9392 Shasta Place",
      "active": false
    },
    {
      "id": 51,
      "name": "Johnnie Morffew",
      "emailAddress": "jmorffew1e@wsj.com",
      "address": "8 Karstens Trail",
      "active": false
    },
    {
      "id": 52,
      "name": "Jilli Konrad",
      "emailAddress": "jkonrad1f@biblegateway.com",
      "address": "631 Golf Course Terrace",
      "active": false
    },
    {
      "id": 53,
      "name": "Caresa Welling",
      "emailAddress": "cwelling1g@mail.ru",
      "address": "115 Pine View Circle",
      "active": false
    },
    {
      "id": 54,
      "name": "Justina Urpeth",
      "emailAddress": "jurpeth1h@washington.edu",
      "address": "808 Pond Alley",
      "active": false
    },
    {
      "id": 55,
      "name": "Putnam Bissex",
      "emailAddress": "pbissex1i@nyu.edu",
      "address": "26263 David Way",
      "active": false
    },
    {
      "id": 56,
      "name": "Terrie Shankster",
      "emailAddress": "tshankster1j@hud.gov",
      "address": "0889 Northview Street",
      "active": true
    },
    {
      "id": 57,
      "name": "Bartholomeus Gartin",
      "emailAddress": "bgartin1k@vimeo.com",
      "address": "5 Schlimgen Hill",
      "active": false
    },
    {
      "id": 58,
      "name": "Hephzibah Tant",
      "emailAddress": "htant1l@fotki.com",
      "address": "3 Eastwood Trail",
      "active": false
    },
    {
      "id": 59,
      "name": "Sybilla Focke",
      "emailAddress": "sfocke1m@addtoany.com",
      "address": "57473 Moulton Terrace",
      "active": false
    },
    {
      "id": 60,
      "name": "Tadd Fetherston",
      "emailAddress": "tfetherston1n@youku.com",
      "address": "8 Cambridge Center",
      "active": false
    },
    {
      "id": 61,
      "name": "Adelaida Ridgley",
      "emailAddress": "aridgley1o@apple.com",
      "address": "43 Carioca Circle",
      "active": true
    },
    {
      "id": 62,
      "name": "Zita Mitro",
      "emailAddress": "zmitro1p@seesaa.net",
      "address": "42 Monument Parkway",
      "active": false
    },
    {
      "id": 63,
      "name": "Creight Mindenhall",
      "emailAddress": "cmindenhall1q@princeton.edu",
      "address": "81788 Tomscot Park",
      "active": false
    },
    {
      "id": 64,
      "name": "Rozina Markwick",
      "emailAddress": "rmarkwick1r@myspace.com",
      "address": "9698 Bluestem Crossing",
      "active": false
    },
    {
      "id": 65,
      "name": "Bryn Pembridge",
      "emailAddress": "bpembridge1s@twitter.com",
      "address": "6649 Bartelt Avenue",
      "active": false
    },
    {
      "id": 66,
      "name": "Konstance Talmadge",
      "emailAddress": "ktalmadge1t@stanford.edu",
      "address": "94 Briar Crest Street",
      "active": true
    },
    {
      "id": 67,
      "name": "Ado Hardwich",
      "emailAddress": "ahardwich1u@live.com",
      "address": "11 Ohio Court",
      "active": false
    },
    {
      "id": 68,
      "name": "Lynett Blackhall",
      "emailAddress": "lblackhall1v@soundcloud.com",
      "address": "64 Springs Trail",
      "active": false
    },
    {
      "id": 69,
      "name": "Antin Jeeves",
      "emailAddress": "ajeeves1w@fastcompany.com",
      "address": "4016 Corscot Court",
      "active": true
    },
    {
      "id": 70,
      "name": "Anthe Simukov",
      "emailAddress": "asimukov1x@amazon.co.jp",
      "address": "4 Bellgrove Way",
      "active": true
    },
    {
      "id": 71,
      "name": "Tobit Verheijden",
      "emailAddress": "tverheijden1y@cpanel.net",
      "address": "028 Fremont Pass",
      "active": false
    },
    {
      "id": 72,
      "name": "Allyce Scripture",
      "emailAddress": "ascripture1z@mashable.com",
      "address": "511 Ohio Way",
      "active": false
    },
    {
      "id": 73,
      "name": "Gabbie Ferre",
      "emailAddress": "gferre20@fotki.com",
      "address": "6 Forest Run Avenue",
      "active": false
    },
    {
      "id": 74,
      "name": "Benedicta Ronan",
      "emailAddress": "bronan21@printfriendly.com",
      "address": "7202 Larry Plaza",
      "active": false
    },
    {
      "id": 75,
      "name": "Aguste La Grange",
      "emailAddress": "ala22@businessweek.com",
      "address": "3 Grayhawk Terrace",
      "active": false
    },
    {
      "id": 76,
      "name": "Sigismund Nial",
      "emailAddress": "snial23@rakuten.co.jp",
      "address": "3584 Kennedy Court",
      "active": false
    },
    {
      "id": 77,
      "name": "Cyndia Sargeaunt",
      "emailAddress": "csargeaunt24@bravesites.com",
      "address": "4903 Carberry Place",
      "active": false
    },
    {
      "id": 78,
      "name": "Land Jamison",
      "emailAddress": "ljamison25@i2i.jp",
      "address": "987 Farwell Street",
      "active": false
    },
    {
      "id": 79,
      "name": "Vladimir Capineer",
      "emailAddress": "vcapineer26@columbia.edu",
      "address": "642 Upham Alley",
      "active": false
    },
    {
      "id": 80,
      "name": "Karleen Scotchmer",
      "emailAddress": "kscotchmer27@cocolog-nifty.com",
      "address": "4686 Little Fleur Junction",
      "active": false
    },
    {
      "id": 81,
      "name": "Jarib Beckenham",
      "emailAddress": "jbeckenham28@simplemachines.org",
      "address": "56 Sloan Crossing",
      "active": true
    },
    {
      "id": 82,
      "name": "Ginevra Corder",
      "emailAddress": "gcorder29@nyu.edu",
      "address": "5 Monica Trail",
      "active": false
    },
    {
      "id": 83,
      "name": "Lauretta Wheatcroft",
      "emailAddress": "lwheatcroft2a@prnewswire.com",
      "address": "93 Myrtle Plaza",
      "active": false
    },
    {
      "id": 84,
      "name": "Nick Imos",
      "emailAddress": "nimos2b@com.com",
      "address": "7212 Stuart Street",
      "active": true
    },
    {
      "id": 85,
      "name": "Bonni Steljes",
      "emailAddress": "bsteljes2c@domainmarket.com",
      "address": "2369 Heffernan Crossing",
      "active": false
    },
    {
      "id": 86,
      "name": "Hazel Bradie",
      "emailAddress": "hbradie2d@state.gov",
      "address": "86623 Sauthoff Pass",
      "active": true
    },
    {
      "id": 87,
      "name": "Eugine LeEstut",
      "emailAddress": "eleestut2e@hibu.com",
      "address": "2985 Macpherson Crossing",
      "active": false
    },
    {
      "id": 88,
      "name": "Burk Curnokk",
      "emailAddress": "bcurnokk2f@fotki.com",
      "address": "9745 Sloan Avenue",
      "active": false
    },
    {
      "id": 89,
      "name": "Torey Shorto",
      "emailAddress": "tshorto2g@mapy.cz",
      "address": "8 Kensington Point",
      "active": false
    },
    {
      "id": 90,
      "name": "Shandie Ingman",
      "emailAddress": "singman2h@un.org",
      "address": "1435 New Castle Place",
      "active": false
    },
    {
      "id": 91,
      "name": "Feliks Ruffy",
      "emailAddress": "fruffy2i@wikia.com",
      "address": "53930 Portage Trail",
      "active": false
    },
    {
      "id": 92,
      "name": "Cathrine Dawson",
      "emailAddress": "cdawson2j@cbslocal.com",
      "address": "4312 Sage Point",
      "active": false
    },
    {
      "id": 93,
      "name": "Jenni Goede",
      "emailAddress": "jgoede2k@pinterest.com",
      "address": "6 Mcbride Parkway",
      "active": false
    },
    {
      "id": 94,
      "name": "Byrom Binham",
      "emailAddress": "bbinham2l@taobao.com",
      "address": "1 Lake View Circle",
      "active": false
    },
    {
      "id": 95,
      "name": "Elga Isham",
      "emailAddress": "eisham2m@disqus.com",
      "address": "79669 Riverside Place",
      "active": false
    },
    {
      "id": 96,
      "name": "Willis Reisk",
      "emailAddress": "wreisk2n@devhub.com",
      "address": "425 Clove Place",
      "active": true
    },
    {
      "id": 97,
      "name": "Ilise Naylor",
      "emailAddress": "inaylor2o@google.ca",
      "address": "2 Tomscot Circle",
      "active": false
    },
    {
      "id": 98,
      "name": "Marybeth Murrthum",
      "emailAddress": "mmurrthum2p@skype.com",
      "address": "7 Becker Park",
      "active": true
    },
    {
      "id": 99,
      "name": "Tadeo Witherspoon",
      "emailAddress": "twitherspoon2q@buzzfeed.com",
      "address": "60 Waywood Terrace",
      "active": false
    },
    {
      "id": 100,
      "name": "Phillida Betun",
      "emailAddress": "pbetun2r@reverbnation.com",
      "address": "9 Portage Circle",
      "active": false
    }
  ]
}